term;estimate;std_error;t_value;p_value;ci_low;ci_high
constant;10.0217910275925;0.0170562460034709;587.573081764482;0;9.98836131941298;10.0552207357721
lnsize;0.734766035694019;0.00314985146674018;233.270058430545;0;0.728592425432966;0.740939645955072
lnlotsize;0.0269825102403752;0.000357956379475827;75.3793249330743;0;0.0262809269432973;0.0276840935374531
nrooms;0.0176710368312484;0.000454055924674158;38.9181945900819;0;0.0167811014342117;0.0185609722282852
d_maintgood;0.15374002288605;0.00137490346085549;111.818776563694;0;0.151045255147469;0.156434790624632
bouwperiode_tm1925;-0.0845585858933948;0.00202183102866865;-41.8227758375415;0;-0.0885213114112496;-0.08059586037554
bouwperiode_1926_1950;-0.060769471708737;0.00172810337557204;-35.1654146203036;1.44313607105076e-270;-0.0641565002223808;-0.0573824431950933
bouwperiode_1951_1965;-0.119589594595408;0.00169311504830422;-70.6328815133892;0;-0.122908047083001;-0.116271142107815
bouwperiode_1966_1973;-0.158615157022484;0.00149448384028646;-106.133738449846;0;-0.161544298560996;-0.155686015483973
bouwperiode_1974_1981;-0.150950211411464;0.00146425283488984;-103.090264068241;0;-0.153820101125853;-0.148080321697075
bouwperiode_1982_1991;-0.100199171937301;0.00129277988739999;-77.5067534031791;0;-0.102732980042987;-0.0976653638316141
bouwperiode_1992_2001;-0.0395497606698404;0.00109721096196704;-36.0457214161779;3.71819033296685e-284;-0.0417002598044391;-0.0373992615352417
trans_year_2001;0.0646844298341468;0.00337149754629974;19.185667183753;5.21723238882975e-82;0.0580764001963267;0.0712924594719669
trans_year_2002;0.103685076268582;0.00318549294630318;32.5491464010022;3.75825789365946e-232;0.0974416098234291;0.109928542713735
trans_year_2003;0.119525160171106;0.00313132617981508;38.1707791866527;1.11253692937683e-308;0.113387858892447;0.125662461449765
trans_year_2004;0.149592213807933;0.00311665163447904;47.9977332573898;0;0.143483674178711;0.155700753437155
trans_year_2005;0.18586208894173;0.00302172103507186;61.5086855419498;0;0.179939610315313;0.191784567568148
trans_year_2006;0.216064786454051;0.00303370451900449;71.2214340917264;0;0.210118820574297;0.222010752333804
trans_year_2007;0.24609386333881;0.00304271594118125;80.8796706942253;0;0.240130235353714;0.252057491323905
trans_year_2008;0.255875374625883;0.00317990159082201;80.4664444221807;0;0.249642867062422;0.262107882189344
trans_year_2009;0.209769946814468;0.00331255699809068;63.3256867535796;0;0.203277438805861;0.216262454823076
trans_year_2010;0.223051224635813;0.00330146763198906;67.5612332147656;0;0.216580451437585;0.229521997834041
trans_year_2011;0.217420609367999;0.00339964753923721;63.9538678226573;0;0.210757406625325;0.224083812110672
trans_year_2012;0.139707252934215;0.0032982453594056;42.3580533618618;0;0.13324279528937;0.146171710579061
trans_year_2013;0.105480837793041;0.00339249008088875;31.0924528231511;4.84526638773023e-212;0.0988316634446492;0.112130012141434
trans_year_2014;0.134247236819728;0.00313473659513671;42.8256833534283;0;0.128103251233811;0.140391222405646
trans_year_2015;0.161286642020152;0.00304512396855751;52.9655421866304;0;0.155318294376788;0.167254989663516
trans_year_2016;0.205947647372705;0.0029736681171991;69.2571057884859;0;0.200119350960905;0.211775943784506
trans_year_2017;0.274606934381474;0.00295470763780418;92.938783813329;0;0.268815799915684;0.280398068847265
trans_year_2018;0.351807072858259;0.0029777595333635;118.144890115045;0;0.345970757398868;0.35764338831765
trans_year_2019;0.418659161803421;0.00294820809363264;142.004617213967;0;0.412880766240723;0.424437557366119
trans_year_2020;0.51081157623755;0.00290231311368994;176.001539540341;0;0.505123133398685;0.516500019076414
trans_year_2021;0.674611705334951;0.003043751387794;221.6382415595;0;0.668646047906912;0.68057736276299
trans_year_2022;0.741256322995367;0.00309073204258243;239.831959801995;0;0.735198584954787;0.747314061035948
trans_year_2023;0.728445006410915;0.00304727386798099;239.048092810101;0;0.722472445031989;0.734417567789841
lntt_500k_2024;-0.48789366217894;0.00115227098586724;-423.419202742257;0;-0.490152077236596;-0.485635247121285
lntt_ovknoop;0.023238268645724;0.000491814599568825;47.2500585913819;0;0.0222743274280208;0.0242022098634272
uai_2012;0.000985520906810977;0.000245613196230114;4.01249168178914;6.00898643614645e-05;0.000504126731718188;0.00146691508190377
fr_natuur_tot2500m;0.629642072259664;0.00391515587177128;160.821712565636;0;0.621968489324465;0.637315655194862
fr_water_500m;0.42002477304888;0.00733397188437442;57.2711185249802;0;0.405650417763326;0.434399128334434
bouwperiode_va2002;0;0;;;0;0
trans_year_2000;0;0;;;0;0
